rank,name,ioc,dob
1,Aryna Sabalenka,BLR,1998/5/5
2,Elena Rybakina,KAZ,1999/6/17
3,Coco Gauff,USA,2004/3/13
4,Iga Swiatek,POL,2001/5/31
5,Jessica Pegula,USA,1994/2/24
6,Amanda Anisimova,USA,2001/8/31
7,Elina Svitolina,UKR,1994/9/12
8,Jasmine Paolini,ITA,1996/1/4
9,Victoria Mboko,CAN,2006/8/26
10,Mirra Andreeva,RUS,2007/4/29
11,Belinda Bencic,SUI,1997/3/10
12,Karolina Muchova,CZE,1996/8/21
13,Ekaterina Alexandrova,RUS,1994/11/15
14,Linda Noskova,CZE,2004/11/17
15,Naomi Osaka,JPN,1997/10/16
16,Iva Jovic,USA,2007/12/6
17,Madison Keys,USA,1995/2/17
18,Clara Tauson,DEN,2002/12/21
19,Diana Shnaider,RUS,2004/4/2
20,Elise Mertens,BEL,1995/11/17
21,Liudmila Samsonova,RUS,1998/11/11
22,Anna Kalinskaya,RUS,1998/12/2
23,Jelena Ostapenko,LAT,1997/6/8
24,Marie Bouzkova,CZE,1998/7/21
25,Leylah Fernandez,CAN,2002/9/6
26,Emma Navarro,USA,2001/5/18
27,Marta Kostyuk,UKR,2002/6/28
28,Emma Raducanu,GBR,2002/11/13
29,Sorana Cirstea,ROU,1990/4/7
30,Maya Joint,AUS,2006/4/16
31,Cristina Bucsa,ESP,1998/1/1
32,Xin Yu Wang,CHN,2001/9/26
33,Jaqueline Cristian,ROU,1998/6/5
34,Sara Bejlek,CZE,2006/1/31
35,Hailey Baptiste,USA,2001/11/3
36,Ann Li,USA,2000/6/26
37,Qinwen Zheng,CHN,2002/10/8
38,Maria Sakkari,GRE,1995/7/25
39,Magdalena Frech,POL,1997/12/15
40,Lois Boisson,FRA,2003/5/16
41,Janice Tjen,INA,2002/5/6
42,Elisabetta Cocciaretto,ITA,2001/1/25
43,Katerina Siniakova,CZE,1996/5/10
44,Peyton Stearns,USA,2001/10/8
45,Marketa Vondrousova,CZE,1999/6/28
46,Alexandra Eala,PHI,2005/5/23
47,Jessica Bouzas Maneiro,ESP,2002/9/24
48,Mccartney Kessler,USA,1999/7/8
49,Dayana Yastremska,UKR,2000/5/15
50,Tereza Valentova,CZE,2007/2/20
51,Laura Siegemund,GER,1988/3/4
52,Barbora Krejcikova,CZE,1995/12/18
53,Yuliia Starodubtseva,UKR,2000/2/17
54,Sonay Kartal,GBR,2001/10/28
55,Magda Linette,POL,1992/2/12
56,Talia Gibson,AUS,2004/6/18
57,Antonia Ruzic,CRO,2003/1/20
58,Varvara Gracheva,FRA,2000/8/2
59,Elsa Jacquemot,FRA,2003/5/3
60,Veronika Kudermetova,RUS,1997/4/24
61,Tatjana Maria,GER,1987/8/8
62,Katie Boulter,GBR,1996/8/1
63,Anna Bondar,HUN,1997/5/27
64,Shuai Zhang,CHN,1989/1/21
65,Anastasia Zakharova,RUS,2002/1/18
66,Sofia Kenin,USA,1998/11/14
67,Beatriz Haddad Maia,BRA,1996/5/30
68,Oleksandra Oliynykova,UKR,2001/1/3
69,Caty Mcnally,USA,2001/11/20
70,Daria Kasatkina,AUS,1997/5/7
71,Panna Udvardy,HUN,1998/9/28
72,Kamilla Rakhimova,UZB,2001/8/28
73,Oksana Selekhmeteva,RUS,2003/1/13
74,Yulia Putintseva,KAZ,1995/1/7
75,Eva Lys,GER,2002/1/12
76,Zeynep Sonmez,TUR,2002/4/30
77,Petra Marcinko,CRO,2005/12/4
78,Solana Sierra,ARG,2004/6/17
79,Viktorija Golubic,SUI,1992/10/16
80,Kimberly Birrell,AUS,1998/4/29
81,Camila Osorio,COL,2001/12/22
82,Renata Zarazua,MEX,1997/9/30
83,Ajla Tomljanovic,AUS,1993/5/7
84,Moyuka Uchijima,JPN,2001/8/11
85,Ella Seidel,GER,2005/2/14
86,Emiliana Arango,COL,2000/11/28
87,Elena Gabriela Ruse,ROU,1997/11/6
88,Katie Volynets,USA,2001/12/31
89,Julia Grabher,AUT,1996/7/2
90,Anna Blinkova,RUS,1998/9/10
91,Simona Waltert,SUI,2000/12/13
92,Taylor Townsend,USA,1996/4/16
93,Alycia Parks,USA,2000/12/31
94,Hanne Vandewinkel,BEL,2004/5/21
95,Diane Parry,FRA,2002/9/1
96,Daria Snigur,UKR,2002/3/27
97,Anastasia Potapova,RUS,2001/3/30
98,Nikola Bartunkova,CZE,2006/2/25
99,Veronika Erjavec,SLO,1999/12/30
100,Francesca Jones,GBR,2000/9/19
101,Mayar Sherif,EGY,1996/5/5
102,Paula Badosa,ESP,1997/11/15
103,Dalma Galfi,HUN,1998/8/13
104,Donna Vekic,CRO,1996/6/28
105,Kaja Juvan,SLO,2000/11/25
106,Lulu Sun,NZL,2001/4/14
107,Victoria Jimenez Kasintseva,AND,2005/8/9
108,Ashlyn Krueger,USA,2004/5/7
109,Tamara Korpatsch,GER,1995/5/12
110,Olga Danilovic,SRB,2001/1/23
111,Lanlana Tararudee,THA,2004/7/7
112,Darja Semenistaja,LAT,2002/9/16
113,Yue Yuan,CHN,1998/9/25
114,Darja Vidmanova,CZE,2003/1/9
115,Aliaksandra Sasnovich,BLR,1994/3/22
116,Anastasia Pavlyuchenkova,RUS,1991/7/3
117,Lilli Tagger,AUT,2008/2/17
118,Suzan Lamens,NED,1999/7/5
119,Sinja Kraus,AUT,2002/4/29
120,Anhelina Kalinina,UKR,1997/2/7
121,Rebecca Sramkova,SVK,1996/10/19
122,Alina Korneeva,RUS,2007/6/23
123,Rebeka Masarova,ESP,1999/8/6
124,Dominika Salkova,CZE,2004/6/28
125,Marina Stakusic,CAN,2004/11/27
126,Alina Charaeva,RUS,2002/5/27
127,Kaitlin Quevedo,ESP,2006/2/13
128,Tamara Zidansek,SLO,1997/12/26
129,Leolia Jeanjean,FRA,1995/8/14
130,Bianca Andreescu,CAN,2000/6/16
131,Maja Chwalinska,POL,2001/10/11
132,Danielle Collins,USA,1993/12/13
133,Himeno Sakatsume,JPN,2001/8/3
134,Emerson Jones,AUS,2008/7/7
135,Sofia Costoulas,BEL,2005/4/2
136,Tiantsoa Sarah Rakotomanga Rajaonah,FRA,2005/12/15
137,Lin Zhu,CHN,1994/1/28
138,Priscilla Hon,AUS,1998/5/10
139,Maddison Inglis,AUS,1998/1/14
140,Elvina Kalieva,USA,2003/7/27
141,Arantxa Rus,NED,1990/12/13
142,Caroline Dolehide,USA,1998/9/5
143,Linda Fruhvirtova,CZE,2005/5/1
144,Joanna Garland,TPE,2001/7/16
145,Lola Radivojevic,SRB,2005/1/2
146,Andrea Lazaro Garcia,ESP,1994/11/4
147,Lucrezia Stefanini,ITA,1998/5/15
148,Varvara Lepchenko,USA,1986/5/21
149,Greet Minnen,BEL,1997/8/14
150,Taylah Preston,AUS,2005/10/27
151,Polina Kudermetova,UZB,2003/6/4
152,Nuria Brancaccio,ITA,2000/6/24
153,Maria Timofeeva,UZB,2003/11/18
154,Linda Klimovicova,CZE,2004/6/18
155,Viktoriya Tomova,BUL,1995/2/25
156,Tatiana Prozorova,RUS,2003/10/10
157,Kayla Day,USA,1999/9/28
158,Despina Papamichail,GRE,1993/2/9
159,Anouk Koevermans,NED,2004/1/2
160,Katarzyna Kawa,POL,1992/11/17
161,Teodora Kostovic,SRB,2007/6/28
162,Polina Iatcenko,RUS,2003/12/10
163,Lucia Bronzetti,ITA,1998/12/10
164,Jazmin Ortenzi,ARG,2001/11/20
165,Ekaterine Gorgodze,GEO,1991/12/3
166,Ye Xin Ma,CHN,1999/6/10
167,Mary Stoiana,USA,2003/5/6
168,Xiyu Wang,CHN,2001/3/28
169,Carol Young Suh Lee,POC,2001/12/21
170,Jessika Ponchet,FRA,1996/9/26
171,Hanyu Guo,CHN,1998/5/18
172,Nao Hibino,JPN,1994/11/28
173,Harriet Dart,GBR,1996/7/28
174,Carole Monnet,FRA,2001/12/1
175,Leyre Romero Gormaz,ESP,2002/4/6
176,Laura Samson,CZE,2008/3/10
177,Elizabeth Mandlik,USA,2001/5/19
178,Whitney Osuigwe,USA,2002/4/17
179,Mona Barthel,GER,1990/7/11
180,Guiomar Maristany Zuleta De Reales,ESP,1999/2/19
181,Irina Camelia Begu,ROU,1990/8/26
182,Iryna Shymanovich,BLR,1997/6/30
183,Anastasia Gasanova,RUS,1999/5/15
184,Olivia Gadecki,AUS,2002/4/24
185,Mananchaya Sawangkaew,THA,2002/7/10
186,Maria Lourdes Carle,ARG,2000/2/10
187,Francisca Jorge,POR,2000/4/21
188,Anastasija Sevastova,LAT,1990/4/13
189,Lisa Pigato,ITA,2003/6/21
190,Jil Teichmann,SUI,1997/7/15
191,Cadence Brace,CAN,2005/2/25
192,Noma Noha Akugue,GER,2003/12/2
193,Xiaodi You,CHN,1996/5/12
194,Fiona Crawley,USA,2002/2/7
195,Storm Hunter,AUS,1994/8/11
196,Alice Rame,FRA,1997/11/9
197,Yeon Woo Ku,KOR,2003/3/15
198,Kayla Cross,CAN,2005/3/21
199,Lina Gjorcheska,MKD,1994/8/3
200,Anna Lena Friedsam,GER,1994/2/1
201,Luisina Giovannini,ARG,2006/11/8
202,Harmony Tan,FRA,1997/9/11
203,Julia Riera,ARG,2002/5/29
204,Victoria Azarenka,BLR,1989/7/31
205,Marina Bassols Ribera,ESP,1999/12/13
206,Veronika Podrez,UKR,2007/1/11
207,Celine Naef,SUI,2005/6/25
208,Irene Burillo Escorihuela,ESP,1997/7/23
209,Miriam Bianca Bulgaru,ROU,1998/10/8
210,Silvia Ambrosio,ITA,1997/1/24
211,Mai Hontama,JPN,1999/8/30
212,Louisa Chirico,USA,1996/5/16
213,Elena Pridankina,RUS,2005/8/30
214,Anna Siskova,CZE,2001/7/1
215,Viktoria Hruncakova,SVK,1998/5/11
216,Fiona Ferro,FRA,1997/3/12
217,Lucie Havlickova,CZE,2005/3/13
218,Aoi Ito,JPN,2004/5/21
219,Ana Sofia Sanchez,MEX,1994/4/13
220,Kathinka Von Deichmann,LIE,1994/5/16
221,Aliona Falei,BLR,2004/3/29
222,Jeline Vandromme,BEL,2007/11/16
223,Gabriela Andrea Knutson,CZE,1997/4/21
224,Camilla Rosatello,ITA,1995/5/28
225,Jana Fett,CRO,1996/11/2
226,Ena Shibahara,JPN,1998/2/12
227,Astra Sharma,AUS,1995/9/11
228,Barbora Palicova,CZE,2004/3/11
229,Elizara Yaneva,BUL,2007/3/21
230,Susan Bandecchi,SUI,1998/7/1
231,Julia Avdeeva,RUS,2002/7/6
232,Claire Liu,USA,2000/5/25
233,Akasha Urhobo,USA,2007/1/19
234,Laura Pigossi,BRA,1994/8/2
235,Ayana Akli,USA,2001/7/6
236,Chloe Paquet,FRA,1994/7/1
237,Julie Belgraver,FRA,2002/7/4
238,Eva Guerrero Alvarez,ESP,1999/9/4
239,Xinyu Gao,CHN,1997/11/21
240,Matilde Jorge,POR,2004/4/7
241,Bernarda Pera,USA,1994/12/3
242,Katherine Sebov,CAN,1999/1/5
243,Aliona Bolsova,ESP,1997/11/6
244,Anastasia Tikhonova,RUS,2001/1/21
245,Fangran Tian,CHN,2003/8/10
246,Caroline Uebelhoer,GER,1996/4/8
247,Angela Fita Boluda,ESP,1999/7/12
248,Jessica Pieri,ITA,1997/4/24
249,Kajsa Rinaldo Persson,SWE,1997/11/11
250,Selena Janicijevic,FRA,2002/7/23
251,Mingge Xu,GBR,2007/10/2
252,Katarina Zavatska,UKR,2000/2/5
253,Carolina Alves,BRA,1996/4/23
254,Hina Inoue,USA,2003/6/1
255,Justina Mikulskyte,LTU,1996/2/6
256,Eva Vedder,NED,1999/11/23
257,Vendula Valdmannova,CZE,2007/12/10
258,Karolina Pliskova,CZE,1992/3/21
259,Rebecca Marino,CAN,1990/12/16
260,Nuria Parrizas Diaz,ESP,1991/7/15
261,Tereza Martincova,CZE,1994/10/24
262,Katie Swan,GBR,1999/3/24
263,Anca Alexia Todoni,ROU,2004/10/10
264,Mia Ristic,SRB,2006/5/17
265,Jennifer Ruggeri,ITA,2003/7/23
266,Alexandra Shubladze,RUS,2005/9/6
267,Tara Wurth,CRO,2002/9/30
268,Ayla Aksu,USA,1996/7/15
269,Polona Hercog,SLO,1991/1/20
270,Raluka Serban,CYP,1997/6/17
271,Dalila Spiteri,ITA,1997/4/24
272,Anastasia Zolotareva,RUS,2002/1/18
273,Tyra Caterina Grant,ITA,2008/3/12
274,Mei Yamaguchi,JPN,1999/6/14
275,Mika Stojsavljevic,GBR,2008/12/15
276,Sohyun Park,KOR,2002/7/2
277,Tessa Johanna Brockmann,GER,2005/11/21
278,Sada Nahimana,BDI,2001/4/21
279,Katrina Scott,USA,2004/6/11
280,Alisa Oktiabreva,RUS,2008/7/26
281,Katharina Hobgarski,GER,1997/6/18
282,Anastasiya Soboleva,UKR,2004/4/23
283,Anna Sinclair Rogers,USA,1998/3/21
284,Martyna Kubka,POL,2001/4/19
285,Sofya Lansere,RUS,2000/9/29
286,Lizette Cabrera,AUS,1997/12/19
287,Heather Watson,GBR,1992/5/19
288,Carson Branstine,USA,2000/9/9
289,Carolyn Ansari,USA,2000/12/29
290,Elena Ruxandra Bertea,ROU,2006/5/6
291,Arina Rodionova,AUS,1989/12/15
292,Wakana Sonobe,JPN,2008/1/17
293,Vivian Wolff,GER,1998/10/8
294,Ane Mintegi Del Olmo,ESP,2003/10/24
295,Elena Malygina,EST,2000/5/27
296,Arianne Hartono,NED,1996/4/21
297,Alevtina Ibragimova,RUS,2005/1/19
298,Clervie Ngounoue,USA,2006/7/19
299,Katarina Jokic,BIH,1998/4/19
300,Sara Saito,JPN,2006/10/3
301,Hayu Kinoshita,JPN,2006/10/27
302,Rina Saigo,JPN,2000/10/17
303,Lia Karatancheva,BUL,2003/9/8
304,Hiromi Abe,JPN,2000/5/2
305,Amarissa Kiara Toth,HUN,2003/2/10
306,Zarina Diyas,KAZ,1993/10/18
307,Samira De Stefano,ITA,2004/5/6
308,Julie Struplova,CZE,2004/11/16
309,Viktoria Morvayova,SVK,2001/3/10
310,Lea Ma,USA,2001/2/1
311,Yidi Yang,CHN,1999/12/21
312,Manon Leonard,FRA,2001/1/20
313,Victoria Bosio,ARG,1994/10/3
314,Hibah Shaikh,USA,2002/9/25
315,Anouck Vrancken Peeters,NED,2003/2/13
316,Yuriko Miyazaki,GBR,1995/11/11
317,Gabriela Ce,BRA,1993/3/3
318,Alicia Herrero Linana,ESP,1998/12/29
319,Miriana Tona,ITA,1995/1/9
320,Amandine Monnot,FRA,2002/2/6
321,Katarina Kuzmova,SVK,2001/8/7
322,Jule Niemeier,GER,1999/8/12
323,Alice Tubello,FRA,2001/1/30
324,Tiphanie Fiquet,FRA,2000/5/17
325,Daria Khomutsianskaya,BLR,2004/2/15
326,Ekaterina Reyngold,RUS,2001/4/7
327,Haruka Kaji,JPN,1994/9/25
328,Erika Andreeva,RUS,2004/6/24
329,Martina Capurro Taborda,ARG,1997/12/4
330,Kyoka Okamura,JPN,1995/10/6
331,Laura Hietaranta,FIN,2004/2/2
332,Miho Kuramochi,JPN,1998/6/9
333,Caijsa Wilda Hennemann,SWE,2001/3/22
334,Haley Giavara,USA,2000/10/16
335,Eva Bennemann,GER,2007/10/5
336,Darya Astakhova,RUS,2002/1/26
337,Eunhye Lee,KOR,2000/5/10
338,Vera Zvonareva,RUS,1984/9/7
339,Renata Jamrichova,SVK,2007/6/20
340,Tina Nadine Smith,AUS,2002/6/12
341,Georgia Pedone,ITA,2004/8/31
342,Mia Pohankova,SVK,2008/10/21
343,Dayeon Back,KOR,2002/1/24
344,Martha Matoula,GRE,1997/4/26
345,Ons Jabeur,TUN,1994/8/28
346,En Shuo Liang,TPE,2000/10/2
347,Carlota Martinez Cirez,ESP,2001/2/13
348,Han Shi,CHN,2005/5/30
349,Gabriela Lee,ROU,1995/8/23
350,Tessah Andrianjafitrimo,FRA,1998/10/11
351,Madison Brengle,USA,1990/4/3
352,Margaux Rouvroy,FRA,2001/3/22
353,Zhuoxuan Bai,CHN,2002/11/16
354,Yafan Wang,CHN,1994/4/30
355,Yufei Ren,CHN,2006/4/11
356,Ariana Geerlings,ESP,2005/9/1
357,Yasmine Kabbaj,MAR,2004/1/15
358,Alicia Dudeney,GBR,2003/5/28
359,Kira Pavlova,RUS,2004/4/29
360,Monika Ekstrand,USA,2007/5/2
361,Alina Granwehr,SUI,2003/7/13
362,Francesca Pace,ITA,2005/8/5
363,Amarni Banks,GBR,2002/10/8
364,Nastasja Schunk,GER,2003/8/17
365,Elena Micic,AUS,2004/7/13
366,Natalija Senic,SRB,2003/1/2
367,Elina Avanesyan,ARM,2002/9/17
368,Julieta Pareja,USA,2009/2/18
369,Sandra Samir,EGY,1997/11/4
370,Eri Shimizu,JPN,1998/5/28
371,Tatiana Pieri,ITA,1999/3/29
372,Angelina Voloshchuk,POR,2007/4/29
373,Lucciana Perez Alarcon,PER,2005/5/8
374,Sapfo Sakellaridi,GRE,2003/4/1
375,Diletta Cherubini,ITA,2002/5/9
376,Naiktha Bains,GBR,1997/12/17
377,Eryn Cayetano,USA,2001/4/13
378,Kristiana Sidorova,RUS,2006/5/30
379,Dalila Jakupovic,SLO,1991/3/24
380,Sijia Wei,CHN,2003/12/5
381,Misaki Matsuda,JPN,1998/8/21
382,Weronika Ewald,POL,2006/2/20
383,Vaishnavi Adkar,IND,2004/12/14
384,Sahaja Yamalapalli,IND,2000/10/29
385,Sakura Hosogi,JPN,2000/3/25
386,Cagla Buyukakcay,TUR,1989/9/28
387,Yasmine Mansouri,FRA,2001/5/15
388,Gergana Topalova,BUL,2000/2/22
389,Priska Madelyn Nugroho,INA,2003/5/29
390,Ekaterina Kazionova,RUS,1999/1/13
391,Cristina Diaz Adrover,ESP,2005/12/3
392,Saki Imamura,JPN,2002/4/16
393,Martina Okalova,SVK,1997/6/5
394,Victoria Rodriguez,MEX,1995/4/22
395,Francesca Curmi,MLT,2002/7/7
396,Alexis Blokhina,USA,2004/8/17
397,Aurora Zantedeschi,ITA,2000/11/2
398,Valentina Ryser,SUI,2001/3/22
399,Martina Colmegna,ITA,1996/12/10
400,Antonia Vergara Rivera,CHI,2006/11/24
401,Victoria Hu,USA,2002/4/25
402,Isabella Shinikova,BUL,1991/10/25
403,Hanna Chang,USA,1998/2/25
404,Lamis Alhussein Abdel Aziz,EGY,1998/4/24
405,Nina Stojanovic,SRB,1996/7/30
406,Zhibek Kulambayeva,KAZ,2000/3/26
407,Vittoria Paganetti,ITA,2006/6/17
408,Carol Zhao,CAN,1995/6/20
409,Federica Urgesi,ITA,2005/1/29
410,Alana Smith,USA,1999/11/9
411,Mell Elizabeth Reasco Gonzalez,ECU,2002/7/23
412,Mina Hodzic,GER,2002/6/6
413,Zuzanna Pawlikowska,POL,2005/2/27
414,Alana Subasic,AUS,2007/3/11
415,Aneta Kladivova,CZE,2000/5/23
416,Amandine Hesse,FRA,1993/1/16
417,Robin Montgomery,USA,2004/9/5
418,Xinxin Yao,CHN,2003/10/20
419,Andreea Prisacariu,ROU,2000/2/9
420,Denislava Glushkova,BUL,2004/1/8
421,Ayano Shimizu,JPN,1998/4/11
422,Momoko Kobori,JPN,1998/8/22
423,Tena Lukas,CRO,1995/5/10
424,Amelia Rajecki,GBR,2002/6/3
425,Jia Jing Lu,CHN,1989/11/18
426,Fernanda Labrana,CHI,1999/3/13
427,Sofia Shapatava,GEO,1989/1/12
428,Ikumi Yamazaki,JPN,2001/8/24
429,Lisa Zaar,SWE,2000/4/30
430,Natsumi Kawaguchi,JPN,2002/6/28
431,Victoria Allen,GBR,2001/2/26
432,Lea Boskovic,CRO,1999/9/22
433,Jasmijn Gimbrere,NED,2001/3/6
434,Ylena In Albon,SUI,1999/3/6
435,Noemi Basiletti,ITA,2006/3/11
436,Jiaqi Wang,CHN,2002/3/25
437,Kristina Liutova,RUS,2010/2/2
438,Jenny Duerst,SUI,1999/3/25
439,Kristina Dmitruk,BLR,2003/9/25
440,Ena Koike,JPN,2006/11/21
441,Rada Zolotareva,RUS,2008/9/28
442,Stephanie Judith Visscher,NED,2000/1/25
443,Astrid Lew Yan Foon,FRA,2005/8/15
444,Thaisa Grana Pedretti,BRA,1999/5/15
445,Nicole Fossa Huergo,ITA,1995/5/26
446,Lucija Ciric Bagaric,CRO,2004/1/9
447,Maria Florencia Urrutia,ARG,2001/3/9
448,Boyoung Jeong,KOR,2003/5/21
449,Patcharin Cheapchandej,THA,1994/12/13
450,Lidia Encheva,BUL,2006/7/30
451,Destanee Aiava,AUS,2000/5/10
452,Ariana Arseneault,CAN,2002/6/15
453,Vaidehi Chaudhari,IND,2000/2/14
454,Angella Okutoyi,KEN,2004/1/29
455,Diana Martynov,FRA,2001/4/25
456,Aunchisa Chanta,THA,2002/9/12
457,Anastasia Abbagnato,ITA,2003/11/19
458,Ella Mcdonald,GBR,2005/8/4
459,Ranah Akua Stoiber,GBR,2005/5/25
460,Wushuang Zheng,CHN,1998/11/29
461,Radka Zelnickova,SVK,2003/6/13
462,Sara Dols,ESP,2005/5/9
463,Alessandra Mazzola,ITA,1999/12/13
464,Berfu Cengiz,TUR,1999/10/18
465,Emily Seibold,GER,2000/1/1
466,Antonia Schmidt,GER,2001/6/23
467,Britt Du Pree,NED,2007/1/8
468,Maria Aran Teixido Garcia,ESP,2001/1/17
469,Mio Mushika,JPN,2005/7/21
470,Sofia Elena Cabezas Dominguez,VEN,2002/2/6
471,Maria Martinez Vaquero,ESP,2002/2/9
472,Carla Markus,ARG,2006/4/28
473,Meiqi Guo,CHN,2000/1/9
474,Nahia Berecoechea,FRA,2004/4/23
475,Valentini Grammatikopoulou,GRE,1997/2/9
476,Venus Williams,USA,1980/6/17
477,Emily Appleton,GBR,1999/9/1
478,Lucia Cortez Llorca,ESP,2000/6/5
479,Varvara Panshina,RUS,2006/2/11
480,Valeriya Strakhova,UKR,1995/6/9
481,Madison Sieg,USA,2003/6/17
482,Gina Marie Dittmann,GER,2002/9/10
483,Mayu Crossley,JPN,2006/6/15
484,Josy Daems,GER,2006/3/13
485,Marie Vogt,GER,2005/2/3
486,Tahlia Kokkinis,AUS,2008/8/11
487,Ekaterina Khayrutdinova,RUS,2004/3/13
488,Ruth Roura Llaverias,ESP,2006/2/8
489,Jodie Burrage,GBR,1999/5/28
490,Jenny Lim,FRA,2005/1/17
491,Yaroslava Bartashevich,FRA,2005/3/29
492,Emina Bektas,USA,1993/3/30
493,Zongyu Li,CHN,2003/5/27
494,Ilinca Dalina Amariei,ROU,2002/7/30
495,Oana Georgeta Simion,ROU,1996/3/8
496,Arianna Zucchini,ITA,2003/7/10
497,Ipek Oz,TUR,1999/7/8
498,Mariam Bolkvadze,GEO,1998/1/1
499,Mathilde Lollia,FRA,2000/5/20
500,Ema Burgic,BIH,1992/8/22
501,Rasheeda Mcadoo,USA,1995/6/30
502,Laura Mair,ITA,2003/1/3
503,Daria Lodikova,RUS,1996/5/25
504,Luiza Fullana,BRA,2001/4/9
505,Yuki Naito,JPN,2001/2/16
506,Irina Bara,ROU,1995/3/18
507,Rositsa Dencheva,BUL,2007/3/10
508,Isabella Maria Serban,ROU,2006/3/28
509,Yelyzaveta Kotliar,UKR,2007/2/1
510,Maria Sara Popa,ROU,2005/7/29
511,Ekaterina Maklakova,RUS,2004/3/18
512,Anja Stankovic,SRB,2005/6/13
513,Yuno Kitahara,JPN,2006/7/11
514,Patricia Maria Tig,ROU,1994/7/27
515,Maria Kozyreva,RUS,1999/5/22
516,Anastasia Kulikova,FIN,2000/2/15
517,Isis Louise Van Den Broek,NED,2005/12/28
518,Fangzhou Liu,CHN,1995/12/12
519,Maria Mateas,USA,1999/7/21
520,Shrivalli Rashmikaa Bhamidipaty,IND,2001/12/12
521,Alice Gillan,GBR,1998/8/15
522,Jaeda Daniel,USA,1999/7/28
523,Eva Marie Voracek,GER,1999/3/26
524,Ania Hertel,POL,2000/10/27
525,Sara Sorribes Tormo,ESP,1996/10/8
526,Ana Candiotto,BRA,2004/4/19
527,Georgia Andreea Craciun,ROU,1999/7/14
528,Gina Feistel,GER,2003/1/25
529,Katerina Tsygourova,SUI,2000/5/11
530,Ekaterina Ovcharenko,RUS,2000/12/31
531,Deborah Chiesa,ITA,1996/6/13
532,Shilin Xu,CHN,1998/1/10
533,Vitalia Diatchenko,RUS,1990/8/2
534,Maria Fernanda Navarro Oliva,MEX,1996/6/22
535,Ayumi Koshiishi,JPN,2000/7/28
536,Julia Adams,USA,1999/9/23
537,Esther Adeshina,GBR,2001/10/4
538,Ashley Lahey,USA,1999/10/26
539,Julia Stusek,GER,2008/6/23
540,Marie Weckerle,LUX,2003/5/4
541,Camilla Zanolini,ITA,2003/3/26
542,Petra Martic,CRO,1991/1/19
543,Malaika Rapolu,USA,2003/4/18
544,Weronika Falkowska,POL,2000/6/17
545,Ying Zhang,CHN,1996/4/15
546,Sarah Van Emst,NED,2004/11/6
547,Joelle Lilly Sophie Steur,GER,2004/3/30
548,Draginja Vukovic,SRB,2000/4/27
549,Verena Meliss,ITA,1997/7/21
550,Zeel Desai,IND,1999/2/18
551,Mayuka Aikawa,JPN,1998/4/2
552,Sloane Stephens,USA,1993/3/20
553,Hannah Klugman,GBR,2009/2/18
554,Carmen Andreea Herea,ROU,2005/11/28
555,Luca Udvardy,HUN,2005/11/4
556,Haruna Arakawa,JPN,1999/10/27
557,Mara Guth,GER,2003/6/24
558,Arina Bulatova,RUS,2006/4/18
559,Valentina Steiner,GER,2006/7/19
560,Robin Anderson,USA,1993/4/12
561,Sara Cakarevic,FRA,1997/3/12
562,Katy Dunne,GBR,1995/2/16
563,Lian Tran,NED,2002/7/19
564,Oceane Dodin,FRA,1996/10/24
565,Julie Pastikova,CZE,2008/5/31
566,Enola Chiesa,ITA,2000/7/16
567,Dana Guzman,PER,2003/3/22
568,Tamila Gadamauri,BEL,2005/2/21
569,Alena Kovackova,CZE,2008/6/13
570,Kristina Kroitor,RUS,2006/12/20
571,Ekaterina Perelygina,RUS,2006/8/11
572,Kayo Nishimura,JPN,2006/6/11
573,Dasha Ivanova,USA,1996/10/11
574,Sarah Rokusek,AUS,2006/4/11
575,Jessica Bertoldo,ITA,1992/10/1
576,Reina Goto,JPN,2007/9/11
577,Tian Jialin,CHN,2006/10/4
578,Nellie Taraba Wallberg,SWE,2007/3/30
579,Jenna Defalco,USA,2002/11/13
580,Milana Zhabrailova,RUS,2003/2/10
581,Ankita Raina,IND,1993/1/11
582,Rinko Matsuda,JPN,2005/4/10
583,Jana Kolodynska,BLR,2003/8/10
584,Iva Primorac,CRO,1996/4/10
585,Jana Otzipka,BEL,2005/2/1
586,Thasaporn Naklo,THA,2001/8/20
587,Aneta Laboutkova,CZE,2000/5/10
588,Natsuki Yoshimoto,JPN,2003/6/24
589,Justina Maria Gonzalez Daniele,ARG,2005/12/8
590,Eva Maria Ionescu,ROU,2007/6/9
591,Eleejah Inisan,FRA,2008/7/6
592,Riya Bhatia,IND,1997/9/24
593,Sara Daavettila,USA,1997/12/17
594,Jana Kovackova,CZE,2010/6/13
595,Johanne Christine Svendsen,DEN,2004/5/15
596,Shiho Akita,JPN,1990/1/18
597,Andre Lukosiute,LTU,2001/6/23
598,Valeriya Yushchenko,RUS,1999/6/26
599,Carolina Kuhl,GER,2005/4/4
600,Alexandra Vagramov,CAN,2001/6/1
601,Leonie Kung,SUI,2000/10/21
602,Martina Trevisan,ITA,1993/11/3
603,Mariia Tkacheva,RUS,2001/12/17
604,Dalayna Hewitt,USA,2000/12/16
605,Mariella Thamm,GER,2009/8/21
606,Petra Kvitova,CZE,1990/3/8
607,Ekaterina Makarova,RUS,1996/2/15
608,Noelia Zeballos,BOL,1994/5/2
609,Meiling Wang,CHN,2000/2/22
610,Pia Lovric,SLO,2002/4/23
611,Maria Golovina,RUS,2007/8/5
612,Luciana Moyano,ARG,2005/9/27
613,Fiona Ganz,SUI,2000/9/16
614,Lina Glushko,ISR,2000/1/12
615,Sarah Iliev,FRA,2006/10/3
616,Adelina Lachinova,LAT,2008/2/10
617,Merna Refaat,EGY,2004/8/16
618,Ksenia Zaytseva,RUS,2004/9/13
619,Beatrise Zeltina,LAT,2007/3/18
620,Ya Yi Yang,TPE,2004/5/30
621,Amelia Honer,USA,2003/3/2
622,Chenting Zhu,CHN,2007/9/13
623,Angelica Raggi,ITA,1998/11/14
624,Urszula Radwanska,POL,1990/12/7
625,Yuliya Hatouka,BLR,2000/4/24
626,Clara Vlasselaer,BEL,2001/3/3
627,Berta Bonardi,ARG,1995/6/21
628,Jada Robinson,USA,1999/1/29
629,Melisa Ercan,TUR,2005/9/1
630,Bianca Elena Barbulescu,ROU,2003/11/11
631,Noelia Bouzo Zanotti,ESP,1999/9/6
632,Erika Sema,JPN,1988/11/24
633,Elena Milovanovic,SRB,2001/1/31
634,Marine Szostak,FRA,2002/1/2
635,Kylie Collins,USA,2002/12/4
636,Lan Mi,CHN,2004/11/15
637,Ksenia Efremova,FRA,2009/4/28
638,Dasha Plekhanova,CAN,2004/2/19
639,Ekaterina Yashina,RUS,1993/8/6
640,Emma Lene,FRA,1999/7/15
641,Lea Nilsson,SWE,2008/6/24
642,Alize Lim,FRA,1990/7/13
643,Marcelina Podlinska,POL,1999/5/27
644,Alexis Nguyen,USA,2007/12/2
645,Chengyiyi Yuan,CHN,2000/8/24
646,Michika Ozeki,JPN,1992/3/17
647,Amelie Van Impe,BEL,2004/7/19
648,Ana Grubor,CAN,2004/1/2
649,Alba Rey Garcia,ESP,2002/6/29
650,Sayaka Ishii,JPN,2005/8/31
651,Mary Lewis,USA,1998/10/25
652,Amy Zhu,USA,1994/10/28
653,Elina Nepliy,RUS,1997/10/23
654,Elena Korokozidi,GRE,2003/6/27
655,Astrid Cirotte,FRA,2003/12/16
656,Maria Kalyakina,RUS,2006/5/2
657,Adrienn Nagy,HUN,2001/3/24
658,Nauhany Vitoria Leme Da Silva,BRA,2010/3/13
659,Anna Petkovic,GER,2005/6/2
660,Jessica Hinojosa Gomez,MEX,1997/9/18
661,Loes Ebeling Koning,NED,2006/2/20
662,Rachel Gailis,USA,2004/8/30
663,Daria Egorova,RUS,2007/6/22
664,Iva Ivanova,BUL,2006/9/9
665,Hikaru Sato,JPN,1999/4/5
666,Nina Vargova,SVK,2005/9/9
667,Ellie Schoppe,USA,2001/11/18
668,Gabriella Da Silva Fick,AUS,2000/8/23
669,Eliska Tichackova,CZE,2006/12/14
670,Victoria Milovanova,RUS,2007/3/1
671,Usue Maitane Arconada,USA,1998/10/28
672,Hiroko Kuwata,JPN,1990/12/18
673,Salma Ewing,USA,2000/8/28
674,Raphaelle Lacasse,CAN,2000/8/16
675,Gaia Maduzzi,ITA,2006/4/30
676,Anita Sahdiieva,UKR,2004/1/21
677,Daria Saville,AUS,1994/3/5
678,Ruien Zhang,CHN,2008/4/27
679,Stefani Webb,AUS,2005/3/20
680,Valeria Bhunu,ZIM,1995/4/3
681,Rebecca Munk Mortensen,DEN,2005/11/1
682,Honoka Kobayashi,JPN,2000/4/23
683,Jennifer Brady,USA,1995/4/12
684,Eudice Wong Chong,HKG,1996/4/22
685,Anamaria Federica Oana,ROU,2007/7/18
686,Olivia Lincer,USA,2004/12/17
687,Sofia Rocchetti,ITA,2002/8/23
688,Lavinia Tanasie,ROU,2003/12/12
689,Beatrice Ricci,ITA,2003/7/7
690,Junhan Zhang,CHN,2007/4/16
691,Ann Akasha Ceuca,GER,2006/11/8
692,Jiayi Wang,CHN,2007/9/8
693,Sachia Vickery,USA,1995/5/11
694,Briana Szabo,ROU,2005/11/26
695,Sarah Melany Fajmonova,CZE,2007/3/9
696,Rose Marie Nijkamp,NED,2006/2/3
697,Adithya Karunaratne,SRI,2001/12/4
698,Jiangxue Han,CHN,2001/11/28
699,Dune Vaissaud,FRA,2007/2/15
700,Alyssa Reguer,FRA,2006/5/4
701,Ava Markham,USA,1999/12/29
702,Polina Kuharenko,BLR,2008/6/9
703,Su Jeong Jang,KOR,1995/3/13
704,Carmen Lopez Martinez,ESP,2005/4/23
705,Anna Kubareva,BLR,2001/2/6
706,Cheuk Ying Shek,HKG,2005/4/5
707,Laia Petretic,FRA,2004/4/7
708,Daria Zelinskaya,RUS,2004/8/26
709,Caroline Garcia,FRA,1993/10/16
710,Demi Tran,NED,2000/11/26
711,Maria Garcia Cid,ESP,2005/4/5
712,Ivana Sebestova,CZE,2001/3/4
713,Kateryna Lazarenko,UKR,2004/11/7
714,Neus Torner Sensano,ESP,2007/10/8
715,Kristina Novak,SLO,2000/8/3
716,Alice Robbe,FRA,2000/5/10
717,Mia Horvit,USA,1997/7/23
718,Franziska Sziedat,GER,2000/8/6
719,Evialina Laskevich,BLR,2004/11/10
720,Edda Mamedova,RUS,2006/10/12
721,Sophia Biolay,FRA,2001/7/3
722,Kisa Yoshioka,JPN,2000/9/2
723,Stefania Bojica,ROU,2005/3/10
724,Naho Sato,JPN,2001/1/23
725,Yujia Huang,CHN,2002/11/18
726,Ana Bogdan,ROU,1992/11/25
727,Irina Balus,SVK,2005/9/12
728,Ida Wobker,GER,2010/9/8
729,Daria Yesypchuk,UKR,2005/10/4
730,Aleksandra Krunic,SRB,1993/3/15
731,Nadiia Kolb,UKR,1993/1/19
732,Peangtarn Plipuech,THA,1992/11/15
733,Julia Konishi Camargo Silva,BRA,2000/1/26
734,Luisa Meyer Auf Der Heide,GER,2002/1/31
735,Oceane Babel,FRA,2004/2/26
736,Hong Yi Cody Wong,HKG,2002/3/14
737,Maria Jose Portillo Ramirez,MEX,1999/5/8
738,Anastasia Bertacchi,ITA,2006/12/18
739,Camila Romero,ECU,1998/10/5
740,Bella Payne,USA,2007/9/15
741,Maria Sholokhova,RUS,2004/1/12
742,Victoria Osuigwe,USA,2006/12/12
743,Petra Konjikusic,SRB,2007/6/7
744,Federica Sacco,ITA,2002/4/20
745,Yuliana Lizarazo,COL,1993/5/23
746,Christasha Mcneil,USA,2006/10/3
747,Punnin Kovapitukted,THA,2003/2/5
748,Kamilla Bartone,LAT,2002/6/7
749,Valentina Mediorreal Arias,COL,2007/3/2
750,Jamie Loeb,USA,1995/3/8
751,Xinran Sun,CHN,
752,Laura Svatikova,SVK,1994/4/29
753,Zoziya Kardava,RUS,2001/7/15
754,Yuhan Wang,CHN,2007/6/21
755,Meng Yi Chen,CHN,2003/1/19
756,Arina Gabriela Vasilescu,ROU,1997/3/6
757,Vlada Mincheva,RUS,2007/2/3
758,Belle Thompson,AUS,1999/11/19
759,Alyssa Ahn,USA,2006/12/27
760,Brooke Black,GBR,2007/11/20
761,Marie Mettraux,SUI,2000/4/7
762,Noemi Maines,ITA,2006/7/17
763,Sara Errani,ITA,1987/4/29
764,Amina Anshba,RUS,1999/9/9
765,Ani Amiraghyan,ARM,1993/10/9
766,Jimar Geraldine Gerald Gonzalez,CHI,2002/1/17
767,Anne Christine Lutkemeyer Obregon,USA,2004/5/24
768,Aruzhan Sagandykova,KAZ,2004/12/21
769,Yasmin Ezzat,EGY,2003/8/27
770,Chelsea Fontenel,SUI,2004/6/25
771,Anastasiia Firman,UKR,2006/12/29
772,Madelief Hageman,NED,2003/1/28
773,Thea Frodin,USA,
774,Yiming Dang,CHN,2004/8/30
775,Nagi Hanatani,JPN,1995/3/7
776,Yanina Wickmayer,BEL,1989/10/20
777,Lauren Davis,USA,1993/10/9
778,Giulia Safina Popa,ROU,2009/11/9
779,Monique Barry,NZL,2002/6/21
780,Ava Hrastar,USA,2002/2/27
781,Chloe Noel,FRA,2004/3/22
782,Tilwith Di Girolami,BEL,2003/9/29
783,Stephanie Wagner,GER,1994/9/17
784,Indianna Spink,GBR,2002/10/7
785,Ya Hsuan Lee,TPE,1995/7/20
786,Lucie Nguyen Tan,FRA,2003/5/30
787,Adriana Reami,USA,1997/11/13
788,Jesika Maleckova,CZE,1994/8/16
789,Malene Helgo,NOR,1999/8/26
790,Kailey Evans,USA,
791,Victoria Gomez,ESP,2003/11/13
792,Laima Vladson,LTU,2007/9/18
793,Makenna Jones,USA,1998/2/26
794,Ella Haavisto,FIN,2002/3/28
795,Chihiro Muramatsu,JPN,1998/5/22
796,Maria Toma,ROU,1999/1/25
797,Linda Sevcikova,CZE,1998/6/9
798,Nika Radisic,SLO,2000/3/19
799,Gaeul Jang,KOR,2006/9/30
800,Sae Noguchi,JPN,2007/3/26
801,Jamilah Snells,USA,2002/8/29
802,Carolina Bohrer Martins,BRA,2007/9/15
803,Daphnee Mpetshi Perricard,FRA,2008/11/21
804,Maria Fernanda Herazo Gonzalez,COL,1997/3/22
805,Iveta Dapkute,LTU,1993/1/29
806,Maia Ilinca Burcescu,ROU,2009/11/26
807,Masha Lazarenko,UKR,2008/12/12
808,Dunja Maric,SRB,2006/6/13
809,Yujin Kim,KOR,2005/6/10
810,Merel Hoedt,NED,1999/8/20
811,Isabella Barrera Aguirre,USA,2003/3/7
812,Lilian Poling,USA,1997/12/30
813,Maya Iyengar,USA,2007/6/10
814,Emeline Dartron,FRA,2000/4/12
815,Petra Hule,AUS,1999/3/5
816,Michaela Bayerlova,CZE,1998/12/14
817,Marianne Argyrokastriti,GRE,2001/10/1
818,Astrid Wanja Brune Olsen,NOR,1999/6/23
819,Mana Kawamura,JPN,2001/8/6
820,Diana Marcinkevica,LAT,1992/8/3
821,Eugenie Bouchard,CAN,1994/2/25
822,Ana Konjuh,CRO,1997/12/27
823,Laquisa Khan,AUS,2002/11/11
824,Luna Vujovic,SRB,2009/7/24
825,Amy Sucha,CZE,2007/11/29
826,Shannon Lam,USA,2008/6/7
827,Coco Bosman,NED,2003/3/12
828,Lucie Petruzelova,CZE,2002/8/30
829,Kristina Penickova,USA,2009/9/11
830,Anna Frey,USA,
831,Linea Bajraliu,SWE,2007/1/11
832,Anastasiia Gureva,RUS,2005/3/24
833,Victoria Kan,RUS,1995/8/3
834,Raquel Gonzalez Vilar,ESP,2004/4/5
835,Sophia Fry,AUS,2000/7/31
836,Anastasija Cvetkovic,SRB,2008/6/25
837,Arabella Koller,AUT,2000/8/31
838,Savannah Broadus,USA,2002/9/18
839,Suana Tucakovic,BIH,2004/10/25
840,Kate Mansfield,USA,2004/10/24
841,Carolin Raschdorf,GER,2006/9/3
842,Anja Wildgruber,GER,2002/3/4
843,Viola Turini,ITA,2005/12/13
844,Mao Mushika,JPN,2005/7/21
845,Chukwumelije Clarke,USA,
846,Olga Danilova,CYP,
847,Anna Snigireva,RUS,2007/12/22
848,Johanna Silva,GER,1997/11/15
849,Karine Sarkisova,RUS,1998/6/7
850,Klara Veldman,NED,2003/12/15
851,Lorena Solar Donoso,ESP,2007/6/7
852,Jessica Failla,USA,1997/7/5
853,D J Bennett,USA,2003/8/28
854,Shiyu Ye,CHN,2007/4/20
855,Ayumi Miyamoto,JPN,2000/12/18
856,Solymar Colling,USA,2000/4/21
857,Claudia Ferrer Perez,ESP,2006/7/14
858,Federica Di Sarra,ITA,1990/5/16
859,Sonja Zhenikhova,GER,2008/5/21
860,Jizelle Sibai,AUS,2009/10/1
861,Mara Gae,ROU,2005/9/14
862,Monika Stankiewicz,POL,2006/10/24
863,Sofia Rojas,ECU,1995/8/1
864,Ophelie Boullay,FRA,2008/3/25
865,Polina Leykina,RUS,1994/9/20
866,Onyu Choi,KOR,2006/12/29
867,Louna Zoppas,FRA,2007/3/12
868,Julia Stamatova,BUL,1993/6/4
869,Marie Villet,FRA,1996/11/17
870,Paula Cembranos,SUI,2004/1/10
871,Kristina Mladenovic,FRA,1993/5/14
872,Irem Kurt,TUR,2007/6/7
873,Angelica Blake,USA,2000/10/23
874,Agustina Chlpac,ARG,1997/2/10
874,Nada Fouad,EGY,2003/8/21
876,Diana Ioana Simionescu,ROU,2007/8/3
877,Ava Rodriguez,USA,2008/5/22
878,Maria Camila Torres Murcia,COL,2002/11/10
879,Julia Garcia Ruiz,MEX,2003/8/5
880,Selina Dal,GER,2001/11/28
881,Aspen Schuman,USA,2007/7/6
882,Francoise Abanda,CAN,1997/2/5
883,Margaux Maquet,BEL,2001/10/10
884,Shiho Tsujioka,JPN,2007/1/14
885,Celia Cervino Ruiz,ESP,1997/12/14
886,Anna Pircher,AUT,2010/5/4
887,Elza Tomase,LAT,2002/1/2
888,Lauryn John Baptiste,GBR,1999/7/26
889,Ziva Falkner,SLO,2002/7/7
890,Jacqueline Cabaj Awad,SWE,1996/1/28
891,Romina Ccuno,PER,2002/9/1
892,Angelina Wirges,GER,2002/6/17
893,Natalia Sousa Salazar,MEX,2006/5/16
894,Valeria Savinykh,RUS,1991/2/20
895,Joy De Zeeuw,NED,2006/5/15
896,Patricija Paukstyte,LTU,2004/9/13
897,Sofia Johnson,GBR,
898,Arlinda Rushiti,SUI,1999/3/27
899,Abigail Rencheli,MDA,2002/4/5
900,Carmen Gallardo Guevara,ESP,
901,Salma Drugdova,SVK,2004/12/9
902,Wozuko Mdlulwa,RSA,2007/8/16
903,Camilla Gennaro,ITA,2003/9/30
904,Maddalena Giordano,ITA,2003/5/21
905,Jing Jing Lu,CHN,1989/5/5
906,Akanksha Dileep Nitture,IND,2003/3/8
907,Ashleigh Simes,AUS,2003/2/5
908,Shruti Ahlawat,IND,2006/6/16
909,Tianmei Wang,USA,2007/3/19
910,Ekaterina Tupitsyna,RUS,
911,Vicky Van De Peer,BEL,2001/1/11
912,Yingqun Sun,CHN,2006/2/9
913,Evgeniya Burdina,RUS,2001/1/17
914,Valentina Ivanov,NZL,2001/3/27
915,Ela Nala Milic,SLO,2006/1/1
916,Lavinia Luciano,ITA,2006/12/24
917,Ana Filipa Santos,POR,1996/2/12
918,Candela Vazquez,ARG,2008/8/15
919,Ines Murta,POR,1997/5/31
920,Kallista Liu,USA,2004/6/1
921,Julieta Lara Estable,ARG,1997/7/15
922,Petra Sedlackova,CZE,2001/8/7
923,Lucie Urbanova,CZE,2006/2/14
924,Allura Zamarripa,USA,2002/8/15
925,Beatrice Stagno,ITA,2003/3/13
926,Sabine Rutlauka,LAT,2002/10/11
927,Giulia Paterno,ITA,
928,Mila Masic,SRB,1997/11/29
929,Defne Cirpanli,TUR,2004/10/8
930,Allegra Korpanec Davies,GBR,
931,Ilay Yoruk,TUR,2001/11/5
932,Karla Popovic,CRO,1995/9/5
933,Teah Chavez,CAN,2005/12/17
934,Dabin Kim,KOR,1997/1/2
935,Romane Longueville,BEL,2005/4/18
936,Alexandra Osborne,AUS,1995/4/8
937,Elyse Tse,NZL,2004/4/10
938,Diana Demidova,RUS,1997/9/26
939,Yu Jin Ahn,KOR,1997/3/13
940,Cherry Kim,KOR,2000/2/29
941,Tiana Tian Deng,SWE,2008/7/5
942,Jordyn Mcbride,USA,2002/2/9
943,Valeriia Artemeva,RUS,2007/6/9
944,Polina Bakhmutkina,RUS,1999/4/25
945,Victoria Pohle,GER,2007/6/29
946,Mihaela Buzarnescu,ROU,1988/5/4
947,Charo Esquiva Banuls,ESP,2008/3/12
948,Carson Tanguilig,USA,2003/7/31
949,Alja Senica,SLO,
950,Fanny Norin,SWE,2001/11/11
951,Adriana Tkachenko,UKR,2007/6/26
952,Marta Lombardini,ITA,2003/2/27
953,Stefaniya Pushkar,UKR,
954,Xi Luo,CHN,2007/12/16
955,Georgina Garcia Perez,ESP,1992/5/13
956,Nanari Katsumi,JPN,2003/2/17
957,Alesia Breaz,ROU,
958,Alicia Smith,AUS,1996/9/27
959,Valentina Losciale,ITA,1997/1/4
960,Simona Ogescu,ROU,2002/10/5
961,Marta Soriano Santiago,ESP,2006/4/20
962,Daria Kudashova,RUS,2003/3/28
963,Sara Svetac,CRO,2004/10/28
964,Sabastiani Leon,MEX,1992/3/23
965,Eszter Meri,SVK,2002/12/11
966,Sonal Patil,IND,2005/2/18
967,Krisha Mahendran,IND,2007/1/20
968,Francesca Mattioli,ITA,2006/7/4
969,Misa Malkin,USA,
970,Shihomi Li Xuan Leong,MAS,2007/6/6
971,Ingrid Carolina Millan,MEX,2001/11/3
972,Jo Yee Chan,USA,2004/2/2
973,Inka Wawrzkiewicz,POL,2008/4/25
974,Ustiniya Lekomtseva,RUS,2006/9/13
975,Yushan Shao,CHN,2008/12/26
976,Ruby Cooling,GBR,2007/11/3
977,Sylvie Zund,LIE,2001/2/26
978,Midori Castillo Meza,USA,2003/11/16
979,Aysegul Mert,TUR,2004/4/17
980,Antonia Stoyanov,NED,2009/9/15
981,Felitsata Dorofeeva Rybas,RUS,
982,Amelia Paszun,POL,2007/9/2
983,Nadia Lagaev,CAN,2008/1/18
984,Rikke De Koning,NED,2003/5/4
985,Arina Varaksina,RUS,2007/3/18
986,Clarissa Blomqvist,FIN,2004/11/26
987,Elena Teodora Cadar,ROU,1994/2/24
988,Eri Hozumi,JPN,1994/2/17
989,Anne Schaefer,GER,1987/3/1
990,Jaimee Fourlis,AUS,1999/9/17
991,Veronica Miroshnichenko,RUS,1997/11/19
992,Didi Bredberg Canizares,USA,2004/7/29
993,Anna Pushkareva,RUS,2009/4/22
994,Tina Manescu,GER,2010/1/22
995,Anastasiya Kuparev,GER,2001/6/4
996,Annika Penickova,USA,2009/9/11
997,Elizabeth Ionescu,USA,2008/4/28
998,Lisa Marie Rioux,JPN,1997/5/1
999,Sara Victoria Balan,ROU,
1000,Alexandra Vasilyeva,RUS,2001/12/18
1001,Arina Arifullina,RUS,2006/1/22
1002,Marie Mattel,FRA,2000/1/7
1003,Darja Suvirdjonkova,SRB,2005/6/16
1004,Sofia Da Cruz Mendonca,BRA,2002/3/9
1005,Elizabeth Coleman,USA,2003/3/21
1006,Ha Eum Lee,KOR,2008/6/24
1007,Gloriana Goreti Nahum,BEN,2006/10/2
1008,Gabriella Broadfoot,RSA,2004/11/1
1009,Yuhan Liu,CHN,2003/8/31
1010,Fang An Lin,TPE,2005/5/16
1011,Yanan Hou,CHN,2005/5/27
1012,Gaia Squarcialupi,ITA,1997/10/23
1013,Barbora Michalkova,CZE,2006/4/3
1014,Natsuho Arakawa,JPN,1997/9/3
1015,Patricia Georgiana Goina,ROU,2005/3/25
1016,Helena Stevic,FRA,2002/3/5
1017,Freya Christie,GBR,1997/11/8
1018,Luna Maria Cinalli,ARG,
1019,Tegan Bush,GBR,2008/11/2
1020,Diae El Jardi,MAR,2000/10/13
1021,Suha Lee,KOR,2008/12/8
1022,Catherine Aulia,AUS,2004/5/7
1023,Sonja Zhiyenbayeva,GER,2006/7/2
1025,Barbara Kostecka,POL,2009/6/4
1025,Lily Taylor,AUS,2006/9/2
1027,Polina Skliar,UKR,2010/10/24
1028,Seda Baslilar,FRA,2008/5/11
1029,I Wen Wan,TPE,2006/11/4
1030,Claudia Sofia Martinez Solis,MEX,2004/3/2
1031,Sara Mikaca,BIH,2003/3/24
1032,Nicole Gadient,SUI,1998/8/7
1033,Cindy Langlais,FRA,
1034,Victoria Luiza Barros,BRA,
1035,Marie Benoit,BEL,1995/3/16
1036,Kim Chiarello,FRA,2004/6/28
1036,Lea Tholey,FRA,1995/9/3
1038,Yu Jun Lin,CHN,
1039,Janae Preston,USA,2010/8/13
1040,Lucie Pawlak,FRA,2006/4/12
1041,Tamira Paszek,AUT,1990/12/6
1042,Anna Sedysheva,RUS,
1043,Zuzanna Kolonus,POL,2005/6/29
1044,Lucia Peyre,ARG,2005/7/26
1045,Anna Kartseva,RUS,
1046,Ulyana Hrabavets,BLR,
1047,Cara Korhonen,AUS,
1048,Miyu Nakashima,JPN,2001/1/5
1049,Sina Herrmann,GER,2001/10/24
1050,Krystyna Pochtovyk,UKR,1998/9/15
1051,Jenna Dean,USA,2000/6/18
1052,Brandy Walker,USA,1997/5/21
1053,Amelie Justine Hejtmanek,GER,
1054,Maria Paulina Perez Garcia,COL,1996/1/10
1055,Maaya Rajeshwaran Revathi,IND,2009/6/12
1056,Selina Atay,TUR,2001/11/20
1057,Mariana Isabel Higuita Barraza,COL,2007/6/14
1058,Giselle Isabella Guillen,AUS,2008/5/21
1059,Charlotte Keitel,GER,2005/4/25
1059,Kennedy Drenser Hagmann,USA,2009/4/3
1061,Nina Radovanovic,FRA,2003/10/22
1062,Andrea Obradovic,SRB,2004/5/18
1063,Lorena Schaedel,GER,
1064,Lisa Claeys,BEL,2003/3/9
1065,Jeong Moon,KOR,
1065,Kamonwan Yodpetch,THA,2007/9/10
1067,Carlotta Moccia,ITA,2003/3/17
1068,Luana Plaza Araujo,BRA,2005/8/14
1069,Ksenia Laskutova,RUS,1996/8/29
1070,Meritxell Teixido Garcia,ESP,2007/6/30
1070,Sofia Martianova,RUS,
1072,Ru Xi Wu,CHN,2008/8/1
1073,Katarzyna Piter,POL,1991/2/16
1074,Maribella Zamarripa,USA,2002/8/15
1075,Ada Kumru,TUR,
1076,Nadia Kulbiej,POL,2007/4/26
1077,Qiu Yu Ye,CHN,1997/11/29
1078,Laetitia Sarrazin,FRA,1993/3/8
1079,Kiara Zabkova,SVK,2007/5/16
1080,Lani Chang,USA,
1081,Daria Kuczer,POL,1999/2/26
1082,Mandegar Farzami,IRI,
1083,Riko Kikawada,JPN,
1084,Alisa Vasileva,RUS,2005/10/21
1085,Maayan Laron,ISR,2007/7/18
1086,Judith Perello Saavedra,ESP,2002/1/23
1087,Kolie Allen,USA,2000/3/17
1088,Sofiia Suslova,RUS,2004/8/9
1089,Josefina Estevez,ARG,2007/12/19
1090,Eva Marie Desvignes,FRA,
1090,Karolina Vlckova,CZE,2000/10/17
1090,Katerina Mandelikova,CZE,2003/6/13
1093,Vlada Ekshibarova,UZB,1989/3/14
1094,Asylzhan Arystanbekova,KAZ,2006/3/1
1094,Ilinca Sagmar,ROU,
1096,Malkia Menguene,USA,2000/8/8
1097,Andjela Lazarevic,SRB,2005/6/20
1098,Giuliana Bestetti,ITA,1997/10/1
1098,Maelle Leclercq,FRA,2004/1/19
1100,Francesca Gandolfi,ITA,
1101,Isabella Marton,CAN,2008/4/10
1102,Valerie Glozman,USA,2006/11/22
1103,Tayisiya Morderger,GER,1997/3/7
1104,Rebeca Pereira,BRA,1993/3/23
1105,Daniela Piani,GBR,2007/4/21
1106,Denisa Hindova,CZE,2002/7/17
1107,Eleonora Alvisi,ITA,2003/3/13
1108,Welles Newman,USA,
1109,Jahnie Van Zyl,RSA,2009/2/17
1110,Olga Helmi,DEN,2000/3/27
1111,Emma Kamper,DEN,2004/6/25
1111,Stefania Rogozinska Dzik,POL,2001/7/7
1113,Milana Maslenkova,UZB,2001/8/13
1114,Warona Mdlulwa,RSA,2000/2/17
1115,Mia Wainwright,GBR,
1116,Juliana Giaccio,ESP,
1117,Annabelle Xu,CAN,
1118,Anna Lena Ebster,AUT,2004/1/6
1119,Elena Jamshidi,DEN,2001/3/16
1120,Claudia Gasparovic,AUT,2004/10/28
1121,Anna Tabunshchyk,CAN,
1122,Tianmi Mi,CHN,2004/6/26
1123,Natalia Krockova,SVK,
1124,Marina Bulbarella,ARG,2005/9/21
1125,Dejana Radanovic,SRB,1996/5/14
1125,Denisa Zoldakova,CZE,
1127,Kate Fakih,USA,2006/10/30
1127,Luciana Perry,USA,
1129,Alice Ferlito,ESP,
1130,Eliz Maloney,GBR,2000/8/10
1130,Federica Bilardo,ITA,1999/7/6
1132,Yleymi Lugiana Muelle Valdez,PER,2008/5/23
1133,Ava Monet Sycamore,AUS,
1134,Maria Kononova,RUS,1997/3/4
1135,Margaret Sohns,USA,
1136,Alexandra Irina Anghel,ROU,2007/3/12
1137,Kianah Motosono,USA,
1137,Tori Kinard,USA,1987/11/24
1139,Cristiana Nicoleta Todoni,ROU,2006/12/6
1139,Sydney Jara,USA,
1141,Liv Boulard,FRA,2008/1/2
1142,Ayline Esina Samardzic,CRO,2002/11/10
1143,Viktoria Veleva,BUL,2004/4/7
1144,Emma Slavikova,CZE,2003/1/24
1145,Jizel Matos Sequeira Fernandes,GBR,2001/2/7
1146,Sara Lanca,POR,1997/3/2
1147,Marian Gomez Pezuela Cano,MEX,2001/9/24
1148,Aishi Das,NZL,
1149,Ava Beck,AUS,
1150,Anastasia Sysoeva,RUS,2003/4/5
1151,Vivian Yang,NZL,2005/1/11
1152,Zaire Clarke,USA,
1153,Berta Passola,ESP,
1153,India Houghton,USA,2002/2/16
1153,Kira Bataikina,RUS,2007/12/14
1153,Xinle Geng,CHN,2010/11/24
1157,Aravane Rezai,FRA,1987/3/14
1158,Mia Slama,USA,
1158,Raveena Kingsley,USA,1998/7/23
1160,Emma Wilson,GBR,1997/2/18
1161,Karla Bartel,GER,
1162,Manca Pislak,SLO,1997/9/9
1163,Anri Nagata,JPN,2000/5/3
1164,Emma Van Poppel,NED,
1165,Mavie Osterreicher,AUT,2002/4/5
1166,Barbara Straszewska,POL,
1166,Polina Kaibekova,RUS,2006/11/3
1168,Feier Hu,CHN,
1169,Leticia Garcia Vidal,BRA,1997/3/13
1170,Aoi Ide,JPN,
1171,Alina Trynkina,RUS,
1172,Nao Nishino,JPN,
1173,Anastasia Efremova,RUS,
1173,Karine Marion Job,FRA,2001/5/6
1173,Vlada Zvereva,BLR,2001/9/15
1176,Jaedan Brown,USA,
1176,Mouna Bouzgarrou,TUN,1999/10/13
1178,Kseniia Ruchkina,RUS,2010/1/19
1179,Klara Kosan,USA,2001/10/8
1180,Georgina Groth,GER,
1181,Tara Moore,GBR,1992/8/6
1182,Jennifer Rosa Dourado,BRA,2000/12/11
1182,Paola Lopez,USA,
1184,Marcella Dessolis,ITA,
1184,Milla Sequeira,SUI,2003/8/24
1186,Isabella Svahn,SWE,2006/6/22
1186,Katarina Kujovic,BEL,
1188,Alisa Danilova,RUS,1993/4/7
1189,Lourdes Ayala,ARG,2006/6/18
1190,Sarafina Hansen,DEN,2005/6/7
1190,Tanisha Kashyap,IND,2002/4/25
1192,Barbara Dessolis,ITA,2001/9/21
1193,Renee Alame,AUS,
1194,Min Liu,CHN,1993/2/5
1195,Kanon Sawashiro,JPN,
1196,Kali Supova,SVK,
1197,Piper Charney,USA,2005/7/6
1198,Celia Anson Sanchez,ESP,
1198,Cristina Ramos Sierra,ESP,
1200,Anastasia Lizunova,RUS,
1200,Emily Sartz Lunde,NOR,2006/1/12
1202,Karolina Mrazikova,SVK,2004/10/26
1202,Lucrezia Musetti,ITA,
1204,Fabienne Gettwart,GER,1996/1/3
1204,Giulia Alessia Monteleone,ITA,
1204,Sera Nishimoto,JPN,2001/1/2
1207,Ciara Moore,GBR,
1208,Sofia Cohen Perovani,BRA,2006/7/16
1209,Jiho Shin,KOR,2002/3/8
1209,Kaede Usui,USA,
1209,Lexue Xiao,CHN,2006/11/18
1209,Sevil Yuldasheva,UZB,2002/1/9
1213,Lara Smejkal,SLO,2004/8/7
1214,Anjali Rathi,IND,2006/2/28
1214,Bunyawi Thamchaiwat,THA,1998/7/29
1214,Julita Saner,SWE,1999/4/29
1217,Lucia Natal Gomez,ESP,1999/5/31
1218,Dia Evtimova,BUL,1987/4/30
1219,Francesca Delledera,ITA,1996/6/28
1219,Hania Abouelsaad,EGY,2003/1/29
1219,Jasmine Conway,GBR,2004/12/21
1222,Lois Newberry,GBR,2007/1/9
1222,Rachael Smith,USA,
1224,Ana Victoria Gobbi Monllau,ARG,1996/12/26
1225,Emily De Oliveira,USA,2003/3/1
1226,Elena Giessler,GER,2002/12/21
1227,Caterina Odorizzi,ITA,
1227,Laura Boehner,GER,2001/7/30
1229,Summer Yardley,GBR,2000/1/28
1230,Maria Oliver Sanchez,ESP,2000/5/14
1231,Yana Morderger,GER,1997/3/7
1232,Naoko Eto,JPN,1984/12/17
1233,Qianhui Tang,CHN,2000/9/10
1234,Tori Russell,AUS,2010/5/7
1235,Zoe Hitt,USA,2001/3/8
1236,Carla Giambelli,ITA,2008/2/23
1237,Victoria Mulville,USA,2001/12/15
1238,Anna Kmiecik,POL,
1238,Ariadna Garcia Patron Canals,ESP,
1238,Isabel Skoog,SWE,
1238,Maria Garcia,POR,2006/10/3
1242,Camila Markus,ARG,2008/12/9
1243,Dusica Popovski,SRB,
1243,Marjorie Souza,BRA,
1245,Khrystyna Vozniak,UKR,
1245,Pilar Beveraggi Lespiau,ARG,2006/6/5
1247,Liel Marlies Rothensteiner,AUT,2005/1/25
1247,Rianna Alame,AUS,2007/8/21
1249,Lyubov Kostenko,UKR,2003/3/28
1249,Maria Mikhailova,RUS,2002/5/28
1249,Tamara Sramkova,SVK,
1252,Gloria Ceschi,ITA,1998/5/24
1252,Maelys Bougrat,FRA,2002/3/21
1254,Polina Isakova,UKR,
1255,Mutsumi Uemura,JPN,
1256,Melis Rasim,BUL,
1257,Lucia Llinares Domingo,ESP,2003/5/2
1258,Maria Jose Sanchez Uribe,COL,
1259,Brenda Fruhvirtova,CZE,2007/4/2
1260,Adela Polakovicova,SVK,
1260,Brandelyn Fulgenzi,USA,
1260,Leonie Schuknecht,DEU,
1260,Mia Kupres,CAN,2004/1/12
1260,Yoana Konstantinova,BUL,2007/6/1
1265,Capucine Jauffret,USA,
1265,Daniela Darta Feldmane,LAT,2007/8/3
1267,Olivia Bergler,POL,
1268,Akiko Omae,JPN,1993/1/29
1268,Kaat Coppez,BEL,2005/3/17
1268,Valentina Abril Bruno,ARG,
1271,Ashmitha Easwaramurthi,IND,1989/7/17
1272,Soo Ha Jang,KOR,2004/12/28
1273,Soha Sadiq,IND,1998/6/26
1273,Yui Chikaraishi,JPN,1999/1/26
1275,Charlotte Pikkaart,NED,2006/12/3
1275,Charlotte Van Zonneveld,NED,2004/7/12
1275,Daria Gorska,POL,2005/4/28
1275,Jade Groen,NED,2004/7/9
1275,Mariia Bergen,UKR,2001/6/12
1280,Catarina Melleiro Ibiraba Melleiro Junior,BRA,2003/12/15
1280,Chantal Sauvant,GER,2002/5/8
1280,Danique Havermans,NED,2002/4/22
1280,Elena Grekul,UKR,2004/5/15
1280,Gala Ivanovic,SRB,
1280,Honori Koyama,JPN,
1280,Laura Brunkel,DEN,2006/5/13
1280,Maddy Zampardo,USA,
1280,Margaux Komano,FRA,2001/12/25
1280,Nana Kawagishi,JPN,2000/9/7
1290,Amanda Carolina Nava Elkin,MEX,1998/6/22
1290,Beatris Spasova,BUL,2002/4/2
1292,Himari Sato,JPN,2002/4/10
1293,Paula Ormaechea,ARG,1992/9/28
1294,Analu Freitas,POR,2007/9/12
1295,Christina Mchale,USA,1992/5/11
1295,Sarah Mildren,AUS,2008/4/4
1297,Audrey Aulia,AUS,
1297,Camilla Bossi,BRA,2003/5/16
1297,Elena Michel,FRA,
1297,Heidi Bulger,USA,
1297,Ida Johansson,SWE,2004/5/6
1297,Sol Rabin,ARG,
1297,Sophie Llewellyn,USA,2006/1/24
1297,Vanessa Ioana Georgiana Popa Teiusanu,ROU,2004/1/5
1297,Yashaswini Panwar,IND,2001/11/17
1297,Yuka Hosoki,JPN,1999/5/20
1307,Benedetta Ortenzi,ITA,
1307,Chia Yi Tsao,TPE,2003/12/2
1307,Heerae Im,KOR,2004/2/11
1307,Jiayu Xu,CHN,
1307,Maja Pawelska,POL,
1307,Oriana Gniewkowska,POL,
1307,Zdena Safarova,CZE,2003/8/20
1314,Julie Myatovic,FRA,2007/3/20
1314,Kenzie Nguyen,USA,
1314,Lara Schmidt,GER,1999/10/13
1314,Ximena Senties,MEX,2006/6/22
1318,Avery Alexander,CAN,2009/11/23
1318,Isabel Adrover Gallego,ESP,2001/6/23
1320,Aleksandra Pozarenko,RUS,
1320,Anastasia Grechkina,RUS,2005/10/25
1320,Aya El Sayed,EGY,2001/5/31
1320,Laura Cilekova,SVK,
1320,Mariia Masiianskaia,RUS,2007/3/22
1320,Massiva Boukirat,FRA,
1320,Najah Dawson,USA,2001/9/9
1320,Seo Yun Choi,KOR,
1328,Mirjana Jovanovic,SRB,
1329,Chiara Fornasieri,ITA,2003/9/26
1329,Tenika Mcgiffin,AUS,
1329,Vivien Sandberg,GER,2001/2/28
1329,Yuka Naito,JPN,
1333,Pietra Rivoli,BRA,2008/3/11
1334,Teresa Franco Dias,POR,1999/9/29
1335,Madalena Matias,POR,2008/10/30
1335,Saumya Vig,IND,1995/2/13
1337,Nehira Sanon,FRA,
1338,Amelie Brooks,GBR,2006/9/14
1338,Anika Jaskova,SVK,2003/4/17
1338,Ria Dernikovic,CRO,2005/8/30
1341,Alexia Lavinia Puiac,ROU,
1341,Camila Rodero,CHI,
1341,Carla Tomai,POR,2005/5/31
1341,Claire An,USA,
1341,Ellie Daniels,CAN,
1341,Emma Jackson,USA,2002/11/23
1341,Gabriela Maria Vancea,ROU,2007/8/16
1341,Giovana Schincariol Delatorre Barbosa,BRA,
1341,Ho Ching Wu,HKG,1991/8/30
1341,Ioana Teodora Sava,ROU,
1341,Isabella Harvison,USA,2001/7/6
1341,Julia Victoria Rennert,GER,2001/1/8
1341,Lola Giza,GER,
1341,Maria Andrienko,RUS,2004/5/23
1341,Megan Heuser,USA,
1341,Naomi Xu,CAN,
1341,Nikola Breckova,CZE,2001/7/14
1341,Nina Sozaonova,RUS,2007/1/17
1341,Rita Colyer,CAN,
1341,Sana Garakani,IRI,
1341,Yui Ohwaki,JPN,
1341,Zi Ying Ruan,CHN,
1363,Darya Velikova,BUL,2004/8/19
1364,Angelica Sara,ITA,
1364,Aurora Urso,ITA,2000/10/5
1364,Daria Belyaeva,RUS,
1364,Eunji Lee,KOR,2001/6/21
1364,Ginevra Parentini Vallega Montebruno,ITA,2003/4/4
1364,Laura Badia,BRA,2006/9/26
1364,Melina Maria Maruca,ARG,2002/5/20
1364,Xichen Zhao,CHN,2003/1/31
1364,Yuna Ohashi,JPN,
1373,Stefanie Voegele,SUI,1990/3/10
1374,Emily Webley Smith,GBR,1984/7/14
1375,Yuyao Li,CHN,
1376,Ana Petkovic,CRO,
1376,Maria Eduarda Carbone Dos Santos,BRA,2010/5/27
1378,Lya Fernandez,MEX,2007/7/24
1379,Alexa Karatancheva,BUL,2007/9/3
1379,Alice Battesti,FRA,
1379,Anastasiya Lopata,UKR,2004/12/20
1379,Claudia Hoste Ferrer,ESP,1998/11/12
1379,Dominika Podhajecka,POL,
1379,Emilija Tverijonaite,LTU,2004/12/10
1379,Emma Charney,USA,2003/3/16
1379,Fernanda Guadalupe Regalado Macias,MEX,2000/4/19
1379,Heike Janse Van Vuuren,RSA,2004/8/30
1379,Helena Buchwald,GER,2005/6/15
1379,Iulia Maria Buculei,ROU,
1379,Jensen Diianni,USA,2009/6/10
1379,Julia Khramtsova,RUS,
1379,Klaudija Bubelyte,LTU,2003/3/29
1379,Kristina Paskauskas,GBR,2004/6/12
1379,Lana Virc,SRB,2008/4/23
1379,Mathilde Ngijol Carre,FRA,
1379,Melissa Boyden,NED,2003/6/24
1379,Michela Castro Zunino,PER,
1379,Moeka Miyata,JPN,
1379,Nahjime Dho,FRA,
1379,Nigina Abduraimova,UZB,1994/7/7
1379,Paulina Montiel,MEX,
1379,Phillippa Preugschat,GER,2002/9/20
1379,Pia Praefke,GER,2002/10/23
1379,Ran Wakana,JPN,
1379,Ruirui Zou,CHN,
1379,Valeriia Shvetsova,RUS,2007/8/2
1379,Yiru Chen,CHN,
1408,Anastasia Mozgaleva,RUS,2001/10/23
1408,Angela Cui,AUS,
1408,Ela Plosnik,SLO,
1408,Hanna Bougouffa,FRA,2004/1/31
1408,Ines Leon,ESP,
1408,Iulia Bucea,CAN,
1408,Madhurima Sawant,IND,
1408,Prathyusha Rachapudi,IND,
1408,Sofiia Nagornaia,RUS,2003/10/4
1417,Alessia Popescu,ROU,2004/11/11
1417,Holly Hutchinson,GBR,1997/9/11
1417,Maria Eduarda Lages,BRA,2004/7/7
1417,Mariam Atia,EGY,2005/8/11
1417,Meshkatolzahra Safi,IRI,2004/8/5
1417,Milena Ciocan,FRA,
1423,Bianca Jolie Fernandez,CAN,2004/2/24
1423,Fang Ying Xun,CHN,1995/1/14
1423,Mariia Nozdrachova,UKR,2009/6/12
1426,Camille Allegre,USA,
1426,Cayetana Gay,ESP,2006/10/13
1426,Gurmanat Kaur Sandhu,AUS,
1426,Kseniya Yersh,BLR,2001/1/20
1426,Mia Yamakita,USA,2007/3/19
1426,Olympe Lancelot,FRA,2001/5/14
1426,Venla Ahti,FIN,2000/12/15
1426,Yichen Zhao,CHN,2006/3/16
1434,Alice Soulie,FRA,
1434,Aliesia Reva,UKR,2006/2/11
1434,Alina Yuneva,RUS,2008/7/10
1434,Antonina Sushkova,UKR,
1434,Aurora Corvi,ITA,
1434,Aurora Nosei,ITA,2007/3/11
1434,Celine Simunyu,IRL,2004/7/23
1434,Chrystal Lopez,BEL,
1434,Denise Valente,ITA,2004/5/14
1434,Havah Kaur Kaler,CAN,2009/8/1
1434,Helena Bueno,BRA,2007/7/25
1434,Joody Elkady,EGY,2006/2/25
1434,Kristina Belkova,RUS,
1434,Maria Penalver Aguilo,ESP,2002/11/1
1434,Na Hyun Kang,KOR,2004/6/26
1434,Nika Hurkacz,POL,
1434,Polina Skopintseva,RUS,2005/7/23
1434,Sol Ailin Larraya Guidi,ARG,2008/2/21
1434,Xenia Bandurowska,POL,2004/9/17
1434,Yuzuha Negishi,JPN,2008/12/22
1454,Maryna Kolb,UKR,1997/3/13
1454,Saisai Zheng,CHN,1994/2/5
1456,Anna Yang,CHN,
1456,Daniela Martinez Guerrero,MEX,
1456,Yihan Qu,CHN,2009/3/22
1460,Abril Cardenas Oliveras,MEX,2009/1/28
1460,Amalia Suciu,POR,
1460,Lena Couto,POR,2007/6/1
1460,Nala Kovacic,SLO,2007/1/1
1460,Olga Bienzobas Fernandez,ESP,2002/8/4
1460,Vlada Kozak,GBR,
1466,Aglaya Fedorova,RUS,2004/2/5
1466,Agustina Soto Neira,CHL,
1466,Ana Carmen Zamburek,DOM,2003/3/16
1466,Ana Giraldi Requena,ESP,2000/1/11
1466,Anastasia Safta,ROU,2004/10/28
1466,Anya Arora,USA,
1466,Ava Schueller,AUT,2006/4/1
1466,Bruna Liotto De Carvalho,BRA,2007/5/28
1466,Carlota Corte,ESP,
1466,Carolann Delaunay,NCL,2004/5/26
1466,Delia Gaillard,FRA,2006/1/10
1466,Diana Yakovleva,UZB,2005/11/4
1466,Dominika Pirohova,SVK,2006/7/28
1466,Duanrui Gao,CHN,2006/11/18
1466,Ekaterina Agureeva,RUS,2004/4/2
1466,Elizabeth Ivanov,AUS,
1466,Elsa Wan,MAS,2003/12/8
1466,Elvira Juravliova,MDA,1997/3/15
1466,Emma Mazzoni,FRA,1998/10/15
1466,Emma Ottavia Ghirardato,ITA,2005/1/31
1466,Gloria Contrino,ITA,2003/1/26
1466,Isabel Arabarco,ARG,
1466,Isabelle Cherny,GBR,2004/3/23
1466,Jaquelyn Ogunwale,GBR,2005/2/4
1466,Juliette Mazzoni,FRA,2000/6/7
1466,Juliette Trunet,FRA,2007/1/17
1466,Katherine Hui,USA,2005/1/29
1466,Kurumi Tamura,JPN,
1466,Larisa Arnautovic,AUS,
1466,Laxmisiri Dandu,IND,
1466,Leonie Rabl,AUT,
1466,Luciana Blatter,ARG,
1466,Luisa Schruff,DEU,
1466,Magdalena Baniak,POL,2006/12/13
1466,Magdalena Stoilkovska,MKD,1996/4/12
1466,Margarita Ignatjeva,LAT,2001/6/25
1466,Maria Aytoyan,USA,2008/9/10
1466,Matylda Burylo,POL,
1466,Mia Chudejova,SVK,2003/7/30
1466,Mika Buchnik,ISR,2007/3/12
1466,Na Ri Kim,KOR,1990/4/4
1466,Paavanii Paathak,IND,2003/12/12
1466,Panna Bartha,HUN,2004/5/14
1466,Pauline Gloeckner,GER,
1466,Pooja Ingale,IND,2001/7/12
1466,Remika Ohashi,JPN,
1466,Rhiann Newborn,USA,1994/6/22
1466,Rinon Okuwaki,JPN,2004/12/30
1466,Sandeepti Singh Rao,IND,2003/5/8
1466,Sandugash Kenzhibayeva,KAZ,2005/3/18
1466,Saoirse Breen,FIJ,
1466,Silvia Husarova,SVK,
1466,Sofia Avataneo,ITA,2003/1/27
1466,Sophia Ksandinov,GER,
1466,Valeria Garnevska,BUL,
1466,Vanja Gudelj,NED,2002/10/27
1466,Viola Bedini,ITA,2007/2/2
